list type,runtime_merge,comparisons_merge,data swaps_merge,runtime_quick,comparisons_quick,data swaps_quick
ascending sorted 250,0.001599400000031892,1011,1011,0.035591600000088874,31125,31374
descending sorted 250,0.0018030999999609776,983,983,0.02213429999994787,15500,15749
random sorted 250,0.002410899999972571,1680,1680,0.0018054999999321808,758,926
ascending sorted 500,0.005073400000014772,2272,2272,0.12581969999996545,124750,125249
descending sorted 500,0.003853400000025431,2216,2216,0.06673049999994873,62250,62749
random sorted 500,0.005763200000046709,3858,3858,0.004055900000025758,2221,2558
ascending sorted 1000,0.01012869999999566,5044,5044,0.4891106000000036,499500,500499
descending sorted 1000,0.009439799999995557,4932,4932,0.2748802999999498,249500,250499
random sorted 1000,0.013486899999975321,8708,8708,0.009717900000055124,5819,6489
