list type,runtime_merge,comparisons_merge,data swaps_merge,runtime_quick,comparisons_quick,data swaps_quick
ascending sorted 250,0.003701699999965058,1011,1011,0.06964689999995244,31125,31374
descending sorted 250,0.0033670000002530287,983,983,0.04020799999989322,15500,15749
random sorted 250,0.004977799999778654,1665,1665,0.003269100000125036,1138,1303
ascending sorted 500,0.007110999999895284,2272,2272,0.18254250000018146,124750,125249
descending sorted 500,0.006843699999990349,2216,2216,0.12607529999968392,62250,62749
random sorted 500,0.010636000000431522,3847,3847,0.006239000000277883,2433,2770
ascending sorted 1000,0.0154872000002797,5044,5044,0.5815126000002238,499500,500499
descending sorted 1000,0.015238199999657809,4932,4932,0.2533431999995628,249500,250499
random sorted 1000,0.023347499999999854,8689,8689,0.007155300000249554,6398,7075
